/*
SQLyog Community v13.1.8 (64 bit)
MySQL - 10.4.32-MariaDB : Database - smartwatchbase
*********************************************************************
*/

/*!40101 SET NAMES utf8 */;

/*!40101 SET SQL_MODE=''*/;

/*!40014 SET @OLD_UNIQUE_CHECKS=@@UNIQUE_CHECKS, UNIQUE_CHECKS=0 */;
/*!40014 SET @OLD_FOREIGN_KEY_CHECKS=@@FOREIGN_KEY_CHECKS, FOREIGN_KEY_CHECKS=0 */;
/*!40101 SET @OLD_SQL_MODE=@@SQL_MODE, SQL_MODE='NO_AUTO_VALUE_ON_ZERO' */;
/*!40111 SET @OLD_SQL_NOTES=@@SQL_NOTES, SQL_NOTES=0 */;
CREATE DATABASE /*!32312 IF NOT EXISTS*/`smartwatchbase` /*!40100 DEFAULT CHARACTER SET utf8mb4 COLLATE utf8mb4_general_ci */;

USE `smartwatchbase`;

/*Table structure for table `device` */

DROP TABLE IF EXISTS `device`;

CREATE TABLE `device` (
  `id` bigint(20) unsigned NOT NULL AUTO_INCREMENT,
  `name` varchar(255) NOT NULL,
  `type` varchar(255) NOT NULL,
  `created_at` timestamp NULL DEFAULT NULL,
  `updated_at` timestamp NULL DEFAULT NULL,
  PRIMARY KEY (`id`)
) ENGINE=InnoDB AUTO_INCREMENT=7 DEFAULT CHARSET=utf8mb4 COLLATE=utf8mb4_unicode_ci;

/*Data for the table `device` */

insert  into `device`(`id`,`name`,`type`,`created_at`,`updated_at`) values 
(1,'CardioWatch V1','Smartwatch','2025-02-28 18:29:02','2025-02-28 18:29:02'),
(2,'MediScan V6','Medical Device','2025-02-28 18:29:02','2025-02-28 18:29:02'),
(3,'HealthTracker V4','Wearable','2025-02-28 18:29:02','2025-02-28 18:29:02'),
(4,'FitBand V0','Wearable','2025-02-28 18:29:02','2025-02-28 18:29:02'),
(5,'FitBand V5','Wearable','2025-02-28 18:29:02','2025-02-28 18:29:02'),
(6,'LifeSync V9','Smartwatch','2025-02-28 18:29:02','2025-02-28 18:29:02');

/*Table structure for table `failed_jobs` */

DROP TABLE IF EXISTS `failed_jobs`;

CREATE TABLE `failed_jobs` (
  `id` bigint(20) unsigned NOT NULL AUTO_INCREMENT,
  `uuid` varchar(255) NOT NULL,
  `connection` text NOT NULL,
  `queue` text NOT NULL,
  `payload` longtext NOT NULL,
  `exception` longtext NOT NULL,
  `failed_at` timestamp NOT NULL DEFAULT current_timestamp(),
  PRIMARY KEY (`id`),
  UNIQUE KEY `failed_jobs_uuid_unique` (`uuid`)
) ENGINE=InnoDB DEFAULT CHARSET=utf8mb4 COLLATE=utf8mb4_unicode_ci;

/*Data for the table `failed_jobs` */

/*Table structure for table `health_data` */

DROP TABLE IF EXISTS `health_data`;

CREATE TABLE `health_data` (
  `id` bigint(20) unsigned NOT NULL AUTO_INCREMENT,
  `timestamp` timestamp NOT NULL DEFAULT current_timestamp() ON UPDATE current_timestamp(),
  `heart_rate` int(11) NOT NULL,
  `systolic_bp` int(11) NOT NULL,
  `diastolic_bp` int(11) NOT NULL,
  `steps` int(11) NOT NULL,
  `calories_burned` double(8,2) NOT NULL,
  `sleep_quality` int(11) NOT NULL,
  `stress_level` int(11) NOT NULL,
  `device_id` bigint(20) unsigned NOT NULL,
  `created_at` timestamp NULL DEFAULT NULL,
  `updated_at` timestamp NULL DEFAULT NULL,
  `user_id` bigint(20) unsigned NOT NULL,
  PRIMARY KEY (`id`),
  KEY `health_data_device_id_foreign` (`device_id`),
  KEY `health_data_user_id_foreign` (`user_id`),
  CONSTRAINT `health_data_device_id_foreign` FOREIGN KEY (`device_id`) REFERENCES `device` (`id`) ON DELETE CASCADE,
  CONSTRAINT `health_data_user_id_foreign` FOREIGN KEY (`user_id`) REFERENCES `user` (`id`) ON DELETE CASCADE
) ENGINE=InnoDB AUTO_INCREMENT=303 DEFAULT CHARSET=utf8mb4 COLLATE=utf8mb4_unicode_ci;

/*Data for the table `health_data` */

insert  into `health_data`(`id`,`timestamp`,`heart_rate`,`systolic_bp`,`diastolic_bp`,`steps`,`calories_burned`,`sleep_quality`,`stress_level`,`device_id`,`created_at`,`updated_at`,`user_id`) values 
(1,'2025-03-20 12:25:59',73,120,84,620,24.80,94,99,3,'2025-03-26 18:25:59','2025-03-26 18:25:59',1),
(2,'2025-03-20 13:25:59',90,116,71,353,14.12,99,100,3,'2025-03-26 18:25:59','2025-03-26 18:25:59',1),
(3,'2025-03-20 14:25:59',96,135,74,1312,52.48,88,40,3,'2025-03-26 18:25:59','2025-03-26 18:25:59',1),
(4,'2025-03-20 15:25:59',98,111,76,1829,73.16,67,83,3,'2025-03-26 18:25:59','2025-03-26 18:25:59',1),
(5,'2025-03-20 16:25:59',73,114,90,1704,68.16,62,2,3,'2025-03-26 18:25:59','2025-03-26 18:25:59',1),
(6,'2025-03-20 17:25:59',83,129,79,1585,63.40,52,87,3,'2025-03-26 18:25:59','2025-03-26 18:25:59',1),
(7,'2025-03-20 18:25:59',87,120,89,1189,47.56,67,0,3,'2025-03-26 18:25:59','2025-03-26 18:25:59',1),
(8,'2025-03-20 19:25:59',78,135,76,277,11.08,94,10,3,'2025-03-26 18:25:59','2025-03-26 18:25:59',1),
(9,'2025-03-20 20:25:59',77,111,78,187,7.48,77,49,3,'2025-03-26 18:25:59','2025-03-26 18:25:59',1),
(10,'2025-03-20 21:25:59',67,123,78,1866,74.64,72,91,3,'2025-03-26 18:25:59','2025-03-26 18:25:59',1),
(11,'2025-03-20 22:25:59',97,132,80,500,20.00,53,88,3,'2025-03-26 18:25:59','2025-03-26 18:25:59',1),
(12,'2025-03-20 23:25:59',95,126,88,300,12.00,78,81,3,'2025-03-26 18:25:59','2025-03-26 18:25:59',1),
(13,'2025-03-21 00:25:59',60,138,82,1417,56.68,90,10,3,'2025-03-26 18:25:59','2025-03-26 18:25:59',1),
(14,'2025-03-21 01:25:59',92,122,78,1636,65.44,79,26,3,'2025-03-26 18:25:59','2025-03-26 18:25:59',1),
(15,'2025-03-21 02:25:59',90,114,78,830,33.20,75,22,3,'2025-03-26 18:25:59','2025-03-26 18:25:59',1),
(16,'2025-03-21 03:25:59',67,133,87,1802,72.08,96,28,3,'2025-03-26 18:25:59','2025-03-26 18:25:59',1),
(17,'2025-03-21 04:25:59',66,111,77,1425,57.00,50,43,3,'2025-03-26 18:25:59','2025-03-26 18:25:59',1),
(18,'2025-03-21 05:25:59',65,111,89,375,15.00,92,23,3,'2025-03-26 18:25:59','2025-03-26 18:25:59',1),
(19,'2025-03-21 06:25:59',98,123,77,1974,78.96,54,48,3,'2025-03-26 18:25:59','2025-03-26 18:25:59',1),
(20,'2025-03-21 07:25:59',99,140,76,403,16.12,70,22,3,'2025-03-26 18:25:59','2025-03-26 18:25:59',1),
(21,'2025-03-21 08:25:59',92,125,76,1712,68.48,80,19,3,'2025-03-26 18:25:59','2025-03-26 18:25:59',1),
(22,'2025-03-21 09:25:59',60,111,85,1125,45.00,92,73,3,'2025-03-26 18:25:59','2025-03-26 18:25:59',1),
(23,'2025-03-21 10:25:59',78,114,77,130,5.20,94,6,3,'2025-03-26 18:25:59','2025-03-26 18:25:59',1),
(24,'2025-03-21 11:25:59',81,122,82,1301,52.04,79,54,3,'2025-03-26 18:25:59','2025-03-26 18:25:59',1),
(25,'2025-03-21 12:25:59',85,124,72,473,18.92,95,62,3,'2025-03-26 18:25:59','2025-03-26 18:25:59',1),
(26,'2025-03-21 13:25:59',60,134,73,84,3.36,86,96,3,'2025-03-26 18:25:59','2025-03-26 18:25:59',1),
(27,'2025-03-21 14:25:59',85,112,71,1129,45.16,98,90,3,'2025-03-26 18:25:59','2025-03-26 18:25:59',1),
(28,'2025-03-21 15:25:59',89,124,90,1102,44.08,93,13,3,'2025-03-26 18:25:59','2025-03-26 18:25:59',1),
(29,'2025-03-21 16:25:59',71,132,74,1074,42.96,76,12,3,'2025-03-26 18:25:59','2025-03-26 18:25:59',1),
(30,'2025-03-21 17:25:59',77,112,88,789,31.56,85,18,3,'2025-03-26 18:25:59','2025-03-26 18:25:59',1),
(31,'2025-03-21 18:25:59',91,137,71,1995,79.80,63,37,3,'2025-03-26 18:25:59','2025-03-26 18:25:59',1),
(32,'2025-03-21 19:25:59',78,138,80,751,30.04,82,77,3,'2025-03-26 18:25:59','2025-03-26 18:25:59',1),
(33,'2025-03-21 20:25:59',83,120,83,1167,46.68,76,36,3,'2025-03-26 18:25:59','2025-03-26 18:25:59',1),
(34,'2025-03-21 21:25:59',62,123,81,117,4.68,82,57,3,'2025-03-26 18:25:59','2025-03-26 18:25:59',1),
(35,'2025-03-21 22:25:59',79,119,77,337,13.48,55,63,3,'2025-03-26 18:25:59','2025-03-26 18:25:59',1),
(36,'2025-03-21 23:25:59',77,110,88,192,7.68,57,61,3,'2025-03-26 18:25:59','2025-03-26 18:25:59',1),
(37,'2025-03-22 00:25:59',98,116,83,815,32.60,63,78,3,'2025-03-26 18:25:59','2025-03-26 18:25:59',1),
(38,'2025-03-22 01:25:59',85,115,77,504,20.16,92,90,3,'2025-03-26 18:25:59','2025-03-26 18:25:59',1),
(39,'2025-03-22 02:25:59',74,121,83,1713,68.52,50,82,3,'2025-03-26 18:25:59','2025-03-26 18:25:59',1),
(40,'2025-03-22 03:25:59',98,111,88,1201,48.04,58,13,3,'2025-03-26 18:25:59','2025-03-26 18:25:59',1),
(41,'2025-03-22 04:25:59',74,131,78,1135,45.40,52,83,3,'2025-03-26 18:25:59','2025-03-26 18:25:59',1),
(42,'2025-03-22 05:25:59',100,116,89,1279,51.16,68,56,3,'2025-03-26 18:25:59','2025-03-26 18:25:59',1),
(43,'2025-03-22 06:25:59',96,112,70,876,35.04,71,0,3,'2025-03-26 18:25:59','2025-03-26 18:25:59',1),
(44,'2025-03-22 07:25:59',86,112,75,1135,45.40,97,79,3,'2025-03-26 18:25:59','2025-03-26 18:25:59',1),
(45,'2025-03-22 08:25:59',96,132,87,1076,43.04,77,82,3,'2025-03-26 18:25:59','2025-03-26 18:25:59',1),
(46,'2025-03-22 09:25:59',81,127,80,34,1.36,87,62,3,'2025-03-26 18:25:59','2025-03-26 18:25:59',1),
(47,'2025-03-22 10:25:59',95,129,73,756,30.24,62,19,3,'2025-03-26 18:25:59','2025-03-26 18:25:59',1),
(48,'2025-03-22 11:25:59',98,117,81,8,0.32,92,47,3,'2025-03-26 18:25:59','2025-03-26 18:25:59',1),
(49,'2025-03-22 12:25:59',98,117,87,1353,54.12,64,72,3,'2025-03-26 18:25:59','2025-03-26 18:25:59',1),
(50,'2025-03-22 13:25:59',100,114,78,886,35.44,68,67,3,'2025-03-26 18:25:59','2025-03-26 18:25:59',1),
(51,'2025-03-22 14:25:59',96,117,86,1648,65.92,82,4,3,'2025-03-26 18:25:59','2025-03-26 18:25:59',1),
(52,'2025-03-22 15:25:59',69,124,84,1677,67.08,100,22,3,'2025-03-26 18:25:59','2025-03-26 18:25:59',1),
(53,'2025-03-22 16:25:59',62,111,84,766,30.64,56,72,3,'2025-03-26 18:25:59','2025-03-26 18:25:59',1),
(54,'2025-03-22 17:25:59',88,121,82,306,12.24,83,5,3,'2025-03-26 18:25:59','2025-03-26 18:25:59',1),
(55,'2025-03-22 18:25:59',61,123,90,576,23.04,70,66,3,'2025-03-26 18:25:59','2025-03-26 18:25:59',1),
(56,'2025-03-22 19:25:59',69,121,70,339,13.56,86,94,3,'2025-03-26 18:25:59','2025-03-26 18:25:59',1),
(57,'2025-03-22 20:25:59',72,124,73,509,20.36,91,68,3,'2025-03-26 18:25:59','2025-03-26 18:25:59',1),
(58,'2025-03-22 21:25:59',93,119,87,1333,53.32,66,65,3,'2025-03-26 18:25:59','2025-03-26 18:25:59',1),
(59,'2025-03-22 22:25:59',98,135,79,1153,46.12,83,71,3,'2025-03-26 18:25:59','2025-03-26 18:25:59',1),
(60,'2025-03-22 23:25:59',93,135,89,1258,50.32,87,35,3,'2025-03-26 18:25:59','2025-03-26 18:25:59',1),
(61,'2025-03-23 00:25:59',75,112,79,640,25.60,97,25,3,'2025-03-26 18:25:59','2025-03-26 18:25:59',1),
(62,'2025-03-23 01:25:59',90,120,78,1657,66.28,91,19,3,'2025-03-26 18:25:59','2025-03-26 18:25:59',1),
(63,'2025-03-23 02:25:59',71,113,73,315,12.60,68,61,3,'2025-03-26 18:25:59','2025-03-26 18:25:59',1),
(64,'2025-03-23 03:25:59',85,131,88,1717,68.68,54,70,3,'2025-03-26 18:25:59','2025-03-26 18:25:59',1),
(65,'2025-03-23 04:25:59',60,133,73,997,39.88,76,98,3,'2025-03-26 18:25:59','2025-03-26 18:25:59',1),
(66,'2025-03-23 05:25:59',60,124,80,1780,71.20,75,52,3,'2025-03-26 18:25:59','2025-03-26 18:25:59',1),
(67,'2025-03-23 06:25:59',82,132,71,87,3.48,56,79,3,'2025-03-26 18:25:59','2025-03-26 18:25:59',1),
(68,'2025-03-23 07:25:59',88,132,80,190,7.60,59,66,3,'2025-03-26 18:25:59','2025-03-26 18:25:59',1),
(69,'2025-03-23 08:25:59',70,111,87,896,35.84,64,56,3,'2025-03-26 18:25:59','2025-03-26 18:25:59',1),
(70,'2025-03-23 09:25:59',98,117,72,1423,56.92,76,68,3,'2025-03-26 18:25:59','2025-03-26 18:25:59',1),
(71,'2025-03-23 10:25:59',67,125,82,1224,48.96,62,3,3,'2025-03-26 18:25:59','2025-03-26 18:25:59',1),
(72,'2025-03-23 11:25:59',89,121,85,584,23.36,67,3,3,'2025-03-26 18:25:59','2025-03-26 18:25:59',1),
(73,'2025-03-23 12:25:59',63,140,87,1358,54.32,59,61,3,'2025-03-26 18:25:59','2025-03-26 18:25:59',1),
(74,'2025-03-23 13:25:59',63,117,85,641,25.64,62,43,3,'2025-03-26 18:25:59','2025-03-26 18:25:59',1),
(75,'2025-03-23 14:25:59',100,113,85,429,17.16,100,43,3,'2025-03-26 18:25:59','2025-03-26 18:25:59',1),
(76,'2025-03-23 15:25:59',96,117,85,663,26.52,64,92,3,'2025-03-26 18:25:59','2025-03-26 18:25:59',1),
(77,'2025-03-23 16:25:59',94,113,82,663,26.52,96,33,3,'2025-03-26 18:25:59','2025-03-26 18:25:59',1),
(78,'2025-03-23 17:25:59',96,113,73,103,4.12,57,63,3,'2025-03-26 18:25:59','2025-03-26 18:25:59',1),
(79,'2025-03-23 18:25:59',86,129,79,1027,41.08,85,52,3,'2025-03-26 18:25:59','2025-03-26 18:25:59',1),
(80,'2025-03-23 19:25:59',79,139,85,1886,75.44,54,82,3,'2025-03-26 18:25:59','2025-03-26 18:25:59',1),
(81,'2025-03-23 20:25:59',73,135,81,1672,66.88,98,59,3,'2025-03-26 18:25:59','2025-03-26 18:25:59',1),
(82,'2025-03-23 21:25:59',100,139,74,1104,44.16,96,24,3,'2025-03-26 18:25:59','2025-03-26 18:25:59',1),
(83,'2025-03-23 22:25:59',79,120,79,1358,54.32,95,86,3,'2025-03-26 18:25:59','2025-03-26 18:25:59',1),
(84,'2025-03-23 23:25:59',92,130,88,604,24.16,56,32,3,'2025-03-26 18:25:59','2025-03-26 18:25:59',1),
(85,'2025-03-24 00:25:59',67,139,86,1931,77.24,99,34,3,'2025-03-26 18:25:59','2025-03-26 18:25:59',1),
(86,'2025-03-24 01:25:59',84,131,74,120,4.80,70,57,3,'2025-03-26 18:25:59','2025-03-26 18:25:59',1),
(87,'2025-03-24 02:25:59',85,134,72,1662,66.48,91,37,3,'2025-03-26 18:25:59','2025-03-26 18:25:59',1),
(88,'2025-03-24 03:25:59',63,113,87,208,8.32,61,94,3,'2025-03-26 18:25:59','2025-03-26 18:25:59',1),
(89,'2025-03-24 04:25:59',77,139,80,28,1.12,66,24,3,'2025-03-26 18:25:59','2025-03-26 18:25:59',1),
(90,'2025-03-24 05:25:59',76,112,73,927,37.08,100,69,3,'2025-03-26 18:25:59','2025-03-26 18:25:59',1),
(91,'2025-03-24 06:25:59',77,134,76,1077,43.08,76,85,3,'2025-03-26 18:25:59','2025-03-26 18:25:59',1),
(92,'2025-03-24 07:25:59',85,139,86,1000,40.00,70,83,3,'2025-03-26 18:25:59','2025-03-26 18:25:59',1),
(93,'2025-03-24 08:25:59',85,117,80,305,12.20,87,80,3,'2025-03-26 18:25:59','2025-03-26 18:25:59',1),
(94,'2025-03-24 09:25:59',83,116,72,1989,79.56,78,35,3,'2025-03-26 18:25:59','2025-03-26 18:25:59',1),
(95,'2025-03-24 10:25:59',73,132,75,487,19.48,88,9,3,'2025-03-26 18:25:59','2025-03-26 18:25:59',1),
(96,'2025-03-24 11:25:59',63,128,76,809,32.36,76,92,3,'2025-03-26 18:25:59','2025-03-26 18:25:59',1),
(97,'2025-03-24 12:25:59',78,115,80,1877,75.08,61,95,3,'2025-03-26 18:25:59','2025-03-26 18:25:59',1),
(98,'2025-03-24 13:25:59',61,130,77,1077,43.08,71,36,3,'2025-03-26 18:25:59','2025-03-26 18:25:59',1),
(99,'2025-03-24 14:25:59',80,133,79,541,21.64,95,78,3,'2025-03-26 18:25:59','2025-03-26 18:25:59',1),
(100,'2025-03-24 15:25:59',89,128,83,440,17.60,98,56,3,'2025-03-26 18:25:59','2025-03-26 18:25:59',1),
(101,'2025-03-24 16:25:59',92,117,90,726,29.04,66,56,3,'2025-03-26 18:25:59','2025-03-26 18:25:59',1),
(102,'2025-03-24 17:25:59',99,125,74,1071,42.84,85,91,3,'2025-03-26 18:25:59','2025-03-26 18:25:59',1),
(103,'2025-03-24 18:25:59',70,128,83,266,10.64,99,64,3,'2025-03-26 18:25:59','2025-03-26 18:25:59',1),
(104,'2025-03-24 19:25:59',82,124,90,1883,75.32,91,84,3,'2025-03-26 18:25:59','2025-03-26 18:25:59',1),
(105,'2025-03-24 20:25:59',84,132,71,1742,69.68,93,6,3,'2025-03-26 18:25:59','2025-03-26 18:25:59',1),
(106,'2025-03-24 21:25:59',73,133,78,831,33.24,53,72,3,'2025-03-26 18:25:59','2025-03-26 18:25:59',1),
(107,'2025-03-24 22:25:59',74,137,75,1827,73.08,87,19,3,'2025-03-26 18:25:59','2025-03-26 18:25:59',1),
(108,'2025-03-24 23:25:59',67,113,74,1094,43.76,81,38,3,'2025-03-26 18:25:59','2025-03-26 18:25:59',1),
(109,'2025-03-25 00:25:59',62,117,82,1132,45.28,95,48,3,'2025-03-26 18:25:59','2025-03-26 18:25:59',1),
(110,'2025-03-25 01:25:59',94,112,75,1436,57.44,97,98,3,'2025-03-26 18:25:59','2025-03-26 18:25:59',1),
(111,'2025-03-25 02:25:59',64,112,76,218,8.72,67,85,3,'2025-03-26 18:25:59','2025-03-26 18:25:59',1),
(112,'2025-03-25 03:25:59',91,130,84,1674,66.96,63,33,3,'2025-03-26 18:25:59','2025-03-26 18:25:59',1),
(113,'2025-03-25 04:25:59',97,126,79,1981,79.24,72,65,3,'2025-03-26 18:25:59','2025-03-26 18:25:59',1),
(114,'2025-03-25 05:25:59',79,140,75,264,10.56,84,99,3,'2025-03-26 18:25:59','2025-03-26 18:25:59',1),
(115,'2025-03-25 06:25:59',79,133,85,1425,57.00,87,34,3,'2025-03-26 18:25:59','2025-03-26 18:25:59',1),
(116,'2025-03-25 07:25:59',81,110,76,1928,77.12,56,60,3,'2025-03-26 18:25:59','2025-03-26 18:25:59',1),
(117,'2025-03-25 08:25:59',79,136,89,1588,63.52,62,74,3,'2025-03-26 18:25:59','2025-03-26 18:25:59',1),
(118,'2025-03-25 09:25:59',87,135,71,1890,75.60,80,28,3,'2025-03-26 18:25:59','2025-03-26 18:25:59',1),
(119,'2025-03-25 10:25:59',64,130,85,319,12.76,88,55,3,'2025-03-26 18:25:59','2025-03-26 18:25:59',1),
(120,'2025-03-25 11:25:59',87,114,82,958,38.32,75,41,3,'2025-03-26 18:25:59','2025-03-26 18:25:59',1),
(121,'2025-03-25 12:25:59',88,115,80,1751,70.04,89,72,3,'2025-03-26 18:25:59','2025-03-26 18:25:59',1),
(122,'2025-03-25 13:25:59',67,133,85,484,19.36,50,24,3,'2025-03-26 18:25:59','2025-03-26 18:25:59',1),
(123,'2025-03-25 14:25:59',75,128,83,1776,71.04,82,63,3,'2025-03-26 18:25:59','2025-03-26 18:25:59',1),
(124,'2025-03-25 15:25:59',83,119,85,1026,41.04,62,88,3,'2025-03-26 18:25:59','2025-03-26 18:25:59',1),
(125,'2025-03-25 16:25:59',65,134,73,1441,57.64,97,93,3,'2025-03-26 18:25:59','2025-03-26 18:25:59',1),
(126,'2025-03-25 17:25:59',93,110,73,748,29.92,90,95,3,'2025-03-26 18:25:59','2025-03-26 18:25:59',1),
(127,'2025-03-25 18:25:59',70,116,87,103,4.12,78,46,3,'2025-03-26 18:25:59','2025-03-26 18:25:59',1),
(128,'2025-03-25 19:25:59',78,125,82,1731,69.24,81,75,3,'2025-03-26 18:25:59','2025-03-26 18:25:59',1),
(129,'2025-03-25 20:25:59',84,133,81,1932,77.28,60,75,3,'2025-03-26 18:25:59','2025-03-26 18:25:59',1),
(130,'2025-03-25 21:25:59',77,130,74,1771,70.84,89,50,3,'2025-03-26 18:25:59','2025-03-26 18:25:59',1),
(131,'2025-03-25 22:25:59',99,126,79,1257,50.28,51,58,3,'2025-03-26 18:25:59','2025-03-26 18:25:59',1),
(132,'2025-03-25 23:25:59',63,130,73,274,10.96,66,28,3,'2025-03-26 18:25:59','2025-03-26 18:25:59',1),
(133,'2025-03-26 00:25:59',82,133,71,434,17.36,83,43,3,'2025-03-26 18:25:59','2025-03-26 18:25:59',1),
(134,'2025-03-26 01:25:59',73,125,76,1344,53.76,90,78,3,'2025-03-26 18:25:59','2025-03-26 18:25:59',1),
(135,'2025-03-26 02:25:59',89,117,72,818,32.72,60,37,3,'2025-03-26 18:25:59','2025-03-26 18:25:59',1),
(136,'2025-03-26 03:25:59',70,123,85,1084,43.36,76,57,3,'2025-03-26 18:25:59','2025-03-26 18:25:59',1),
(137,'2025-03-26 04:25:59',96,118,89,1273,50.92,82,89,3,'2025-03-26 18:25:59','2025-03-26 18:25:59',1),
(138,'2025-03-26 05:25:59',67,117,75,1775,71.00,68,80,3,'2025-03-26 18:25:59','2025-03-26 18:25:59',1),
(139,'2025-03-26 06:25:59',67,125,75,837,33.48,72,26,3,'2025-03-26 18:25:59','2025-03-26 18:25:59',1),
(140,'2025-03-26 07:25:59',66,113,75,1109,44.36,56,52,3,'2025-03-26 18:25:59','2025-03-26 18:25:59',1),
(141,'2025-03-26 08:25:59',64,127,83,1719,68.76,73,91,3,'2025-03-26 18:25:59','2025-03-26 18:25:59',1),
(142,'2025-03-26 09:25:59',63,130,79,1549,61.96,53,81,3,'2025-03-26 18:25:59','2025-03-26 18:25:59',1),
(143,'2025-03-26 10:25:59',100,140,76,1742,69.68,51,52,3,'2025-03-26 18:25:59','2025-03-26 18:25:59',1),
(144,'2025-03-26 11:25:59',75,114,80,1165,46.60,100,10,3,'2025-03-26 18:25:59','2025-03-26 18:25:59',1),
(145,'2025-03-26 12:25:59',73,117,86,465,18.60,63,61,3,'2025-03-26 18:25:59','2025-03-26 18:25:59',1),
(146,'2025-03-26 13:25:59',69,112,87,1472,58.88,63,46,3,'2025-03-26 18:25:59','2025-03-26 18:25:59',1),
(147,'2025-03-26 14:25:59',75,135,74,1080,43.20,58,87,3,'2025-03-26 18:25:59','2025-03-26 18:25:59',1),
(148,'2025-03-26 15:25:59',96,114,81,182,7.28,84,85,3,'2025-03-26 18:25:59','2025-03-26 18:25:59',1),
(149,'2025-03-26 16:25:59',91,132,71,232,9.28,60,74,3,'2025-03-26 18:25:59','2025-03-26 18:25:59',1),
(150,'2025-03-26 17:25:59',91,124,73,1157,46.28,97,56,3,'2025-03-26 18:25:59','2025-03-26 18:25:59',1),
(151,'2025-03-26 18:25:59',81,124,89,642,25.68,99,71,3,'2025-03-26 18:25:59','2025-03-26 18:25:59',1),
(152,'2025-03-22 05:31:15',82,135,89,438,17.52,59,76,4,'2025-03-28 11:31:15','2025-03-28 11:31:15',1),
(153,'2025-03-22 06:31:15',75,117,88,174,6.96,70,55,4,'2025-03-28 11:31:15','2025-03-28 11:31:15',1),
(154,'2025-03-22 07:31:15',98,114,74,1351,54.04,70,79,4,'2025-03-28 11:31:15','2025-03-28 11:31:15',1),
(155,'2025-03-22 08:31:15',95,129,80,1584,63.36,56,73,4,'2025-03-28 11:31:15','2025-03-28 11:31:15',1),
(156,'2025-03-22 09:31:15',69,133,74,894,35.76,72,57,4,'2025-03-28 11:31:15','2025-03-28 11:31:15',1),
(157,'2025-03-22 10:31:15',72,112,71,1577,63.08,97,35,4,'2025-03-28 11:31:15','2025-03-28 11:31:15',1),
(158,'2025-03-22 11:31:15',82,135,82,549,21.96,50,83,4,'2025-03-28 11:31:15','2025-03-28 11:31:15',1),
(159,'2025-03-22 12:31:15',63,116,83,1428,57.12,87,100,4,'2025-03-28 11:31:15','2025-03-28 11:31:15',1),
(160,'2025-03-22 13:31:15',64,127,83,1473,58.92,99,82,4,'2025-03-28 11:31:15','2025-03-28 11:31:15',1),
(161,'2025-03-22 14:31:15',79,127,89,1805,72.20,95,8,4,'2025-03-28 11:31:15','2025-03-28 11:31:15',1),
(162,'2025-03-22 15:31:15',62,118,81,1294,51.76,80,29,4,'2025-03-28 11:31:15','2025-03-28 11:31:15',1),
(163,'2025-03-22 16:31:15',97,112,70,1008,40.32,66,45,4,'2025-03-28 11:31:15','2025-03-28 11:31:15',1),
(164,'2025-03-22 17:31:15',98,138,86,844,33.76,89,67,4,'2025-03-28 11:31:15','2025-03-28 11:31:15',1),
(165,'2025-03-22 18:31:15',100,122,75,1713,68.52,70,36,4,'2025-03-28 11:31:15','2025-03-28 11:31:15',1),
(166,'2025-03-22 19:31:15',85,123,81,512,20.48,59,72,4,'2025-03-28 11:31:15','2025-03-28 11:31:15',1),
(167,'2025-03-22 20:31:15',88,119,73,1389,55.56,93,41,4,'2025-03-28 11:31:15','2025-03-28 11:31:15',1),
(168,'2025-03-22 21:31:15',91,140,87,159,6.36,65,32,4,'2025-03-28 11:31:15','2025-03-28 11:31:15',1),
(169,'2025-03-22 22:31:15',66,118,90,500,20.00,73,75,4,'2025-03-28 11:31:15','2025-03-28 11:31:15',1),
(170,'2025-03-22 23:31:15',92,123,88,1167,46.68,79,19,4,'2025-03-28 11:31:15','2025-03-28 11:31:15',1),
(171,'2025-03-23 00:31:15',93,140,81,459,18.36,96,48,4,'2025-03-28 11:31:15','2025-03-28 11:31:15',1),
(172,'2025-03-23 01:31:15',89,138,71,60,2.40,98,21,4,'2025-03-28 11:31:15','2025-03-28 11:31:15',1),
(173,'2025-03-23 02:31:15',82,125,88,1941,77.64,87,56,4,'2025-03-28 11:31:15','2025-03-28 11:31:15',1),
(174,'2025-03-23 03:31:15',92,136,84,1336,53.44,91,32,4,'2025-03-28 11:31:15','2025-03-28 11:31:15',1),
(175,'2025-03-23 04:31:15',84,119,87,1710,68.40,82,27,4,'2025-03-28 11:31:15','2025-03-28 11:31:15',1),
(176,'2025-03-23 05:31:15',90,110,71,1856,74.24,71,53,4,'2025-03-28 11:31:15','2025-03-28 11:31:15',1),
(177,'2025-03-23 06:31:15',67,140,85,1222,48.88,89,78,4,'2025-03-28 11:31:15','2025-03-28 11:31:15',1),
(178,'2025-03-23 07:31:15',61,111,84,1721,68.84,68,3,4,'2025-03-28 11:31:15','2025-03-28 11:31:15',1),
(179,'2025-03-23 08:31:15',97,113,74,14,0.56,90,71,4,'2025-03-28 11:31:15','2025-03-28 11:31:15',1),
(180,'2025-03-23 09:31:15',65,129,75,788,31.52,56,81,4,'2025-03-28 11:31:15','2025-03-28 11:31:15',1),
(181,'2025-03-23 10:31:15',62,115,73,1855,74.20,58,16,4,'2025-03-28 11:31:15','2025-03-28 11:31:15',1),
(182,'2025-03-23 11:31:15',80,130,75,1477,59.08,93,66,4,'2025-03-28 11:31:15','2025-03-28 11:31:15',1),
(183,'2025-03-23 12:31:15',98,112,85,520,20.80,62,38,4,'2025-03-28 11:31:15','2025-03-28 11:31:15',1),
(184,'2025-03-23 13:31:15',91,127,72,1391,55.64,67,82,4,'2025-03-28 11:31:15','2025-03-28 11:31:15',1),
(185,'2025-03-23 14:31:15',93,114,86,806,32.24,95,36,4,'2025-03-28 11:31:15','2025-03-28 11:31:15',1),
(186,'2025-03-23 15:31:15',99,138,85,1281,51.24,56,94,4,'2025-03-28 11:31:15','2025-03-28 11:31:15',1),
(187,'2025-03-23 16:31:15',77,140,71,768,30.72,91,49,4,'2025-03-28 11:31:15','2025-03-28 11:31:15',1),
(188,'2025-03-23 17:31:15',63,133,78,39,1.56,88,82,4,'2025-03-28 11:31:15','2025-03-28 11:31:15',1),
(189,'2025-03-23 18:31:15',73,124,87,1808,72.32,82,62,4,'2025-03-28 11:31:15','2025-03-28 11:31:15',1),
(190,'2025-03-23 19:31:15',69,140,88,1098,43.92,100,92,4,'2025-03-28 11:31:15','2025-03-28 11:31:15',1),
(191,'2025-03-23 20:31:15',76,119,81,166,6.64,68,28,4,'2025-03-28 11:31:15','2025-03-28 11:31:15',1),
(192,'2025-03-23 21:31:15',68,114,89,1495,59.80,77,95,4,'2025-03-28 11:31:15','2025-03-28 11:31:15',1),
(193,'2025-03-23 22:31:15',93,114,84,1332,53.28,50,11,4,'2025-03-28 11:31:15','2025-03-28 11:31:15',1),
(194,'2025-03-23 23:31:15',100,110,87,1620,64.80,59,74,4,'2025-03-28 11:31:15','2025-03-28 11:31:15',1),
(195,'2025-03-24 00:31:15',89,138,77,1549,61.96,85,73,4,'2025-03-28 11:31:15','2025-03-28 11:31:15',1),
(196,'2025-03-24 01:31:15',93,115,73,1987,79.48,62,8,4,'2025-03-28 11:31:15','2025-03-28 11:31:15',1),
(197,'2025-03-24 02:31:15',86,127,83,1239,49.56,78,50,4,'2025-03-28 11:31:15','2025-03-28 11:31:15',1),
(198,'2025-03-24 03:31:15',92,133,79,1159,46.36,89,20,4,'2025-03-28 11:31:15','2025-03-28 11:31:15',1),
(199,'2025-03-24 04:31:15',94,131,73,256,10.24,57,33,4,'2025-03-28 11:31:15','2025-03-28 11:31:15',1),
(200,'2025-03-24 05:31:15',96,133,71,1639,65.56,75,37,4,'2025-03-28 11:31:15','2025-03-28 11:31:15',1),
(201,'2025-03-24 06:31:15',76,139,79,1876,75.04,64,51,4,'2025-03-28 11:31:15','2025-03-28 11:31:15',1),
(202,'2025-03-24 07:31:15',78,128,80,608,24.32,88,69,4,'2025-03-28 11:31:15','2025-03-28 11:31:15',1),
(203,'2025-03-24 08:31:15',67,126,90,1790,71.60,51,89,4,'2025-03-28 11:31:15','2025-03-28 11:31:15',1),
(204,'2025-03-24 09:31:15',99,131,85,740,29.60,65,58,4,'2025-03-28 11:31:15','2025-03-28 11:31:15',1),
(205,'2025-03-24 10:31:15',91,113,89,855,34.20,89,84,4,'2025-03-28 11:31:15','2025-03-28 11:31:15',1),
(206,'2025-03-24 11:31:15',100,115,85,976,39.04,50,19,4,'2025-03-28 11:31:15','2025-03-28 11:31:15',1),
(207,'2025-03-24 12:31:15',80,118,79,915,36.60,82,92,4,'2025-03-28 11:31:15','2025-03-28 11:31:15',1),
(208,'2025-03-24 13:31:15',94,138,77,1566,62.64,95,97,4,'2025-03-28 11:31:15','2025-03-28 11:31:15',1),
(209,'2025-03-24 14:31:15',64,122,86,79,3.16,89,82,4,'2025-03-28 11:31:15','2025-03-28 11:31:15',1),
(210,'2025-03-24 15:31:15',89,116,73,834,33.36,54,21,4,'2025-03-28 11:31:15','2025-03-28 11:31:15',1),
(211,'2025-03-24 16:31:15',89,118,78,1988,79.52,62,60,4,'2025-03-28 11:31:15','2025-03-28 11:31:15',1),
(212,'2025-03-24 17:31:15',64,140,74,237,9.48,81,56,4,'2025-03-28 11:31:15','2025-03-28 11:31:15',1),
(213,'2025-03-24 18:31:15',86,139,86,1868,74.72,76,39,4,'2025-03-28 11:31:15','2025-03-28 11:31:15',1),
(214,'2025-03-24 19:31:15',89,130,79,1226,49.04,61,4,4,'2025-03-28 11:31:15','2025-03-28 11:31:15',1),
(215,'2025-03-24 20:31:15',67,131,78,1490,59.60,75,31,4,'2025-03-28 11:31:15','2025-03-28 11:31:15',1),
(216,'2025-03-24 21:31:15',60,112,87,1762,70.48,63,11,4,'2025-03-28 11:31:15','2025-03-28 11:31:15',1),
(217,'2025-03-24 22:31:15',75,125,80,1140,45.60,83,53,4,'2025-03-28 11:31:15','2025-03-28 11:31:15',1),
(218,'2025-03-24 23:31:15',76,127,76,1180,47.20,77,5,4,'2025-03-28 11:31:15','2025-03-28 11:31:15',1),
(219,'2025-03-25 00:31:15',88,127,86,736,29.44,86,22,4,'2025-03-28 11:31:15','2025-03-28 11:31:15',1),
(220,'2025-03-25 01:31:15',89,116,84,1757,70.28,75,18,4,'2025-03-28 11:31:15','2025-03-28 11:31:15',1),
(221,'2025-03-25 02:31:15',82,118,77,145,5.80,80,95,4,'2025-03-28 11:31:15','2025-03-28 11:31:15',1),
(222,'2025-03-25 03:31:15',75,113,85,386,15.44,92,89,4,'2025-03-28 11:31:15','2025-03-28 11:31:15',1),
(223,'2025-03-25 04:31:15',94,122,71,1935,77.40,63,60,4,'2025-03-28 11:31:15','2025-03-28 11:31:15',1),
(224,'2025-03-25 05:31:15',61,113,83,1407,56.28,81,90,4,'2025-03-28 11:31:15','2025-03-28 11:31:15',1),
(225,'2025-03-25 06:31:15',67,128,85,315,12.60,51,40,4,'2025-03-28 11:31:15','2025-03-28 11:31:15',1),
(226,'2025-03-25 07:31:15',85,125,80,609,24.36,85,29,4,'2025-03-28 11:31:15','2025-03-28 11:31:15',1),
(227,'2025-03-25 08:31:15',66,110,81,420,16.80,93,91,4,'2025-03-28 11:31:15','2025-03-28 11:31:15',1),
(228,'2025-03-25 09:31:15',94,122,72,1391,55.64,52,61,4,'2025-03-28 11:31:15','2025-03-28 11:31:15',1),
(229,'2025-03-25 10:31:15',94,120,85,1572,62.88,59,66,4,'2025-03-28 11:31:15','2025-03-28 11:31:15',1),
(230,'2025-03-25 11:31:15',95,126,82,571,22.84,89,83,4,'2025-03-28 11:31:15','2025-03-28 11:31:15',1),
(231,'2025-03-25 12:31:15',92,119,88,1044,41.76,87,18,4,'2025-03-28 11:31:15','2025-03-28 11:31:15',1),
(232,'2025-03-25 13:31:15',75,123,71,644,25.76,63,61,4,'2025-03-28 11:31:15','2025-03-28 11:31:15',1),
(233,'2025-03-25 14:31:15',64,115,88,991,39.64,93,27,4,'2025-03-28 11:31:15','2025-03-28 11:31:15',1),
(234,'2025-03-25 15:31:15',80,132,72,1242,49.68,95,64,4,'2025-03-28 11:31:15','2025-03-28 11:31:15',1),
(235,'2025-03-25 16:31:15',75,137,82,1897,75.88,76,59,4,'2025-03-28 11:31:15','2025-03-28 11:31:15',1),
(236,'2025-03-25 17:31:15',93,123,73,1176,47.04,72,71,4,'2025-03-28 11:31:15','2025-03-28 11:31:15',1),
(237,'2025-03-25 18:31:15',94,140,82,919,36.76,53,15,4,'2025-03-28 11:31:15','2025-03-28 11:31:15',1),
(238,'2025-03-25 19:31:15',98,126,72,1570,62.80,70,91,4,'2025-03-28 11:31:15','2025-03-28 11:31:15',1),
(239,'2025-03-25 20:31:15',79,130,73,568,22.72,89,82,4,'2025-03-28 11:31:15','2025-03-28 11:31:15',1),
(240,'2025-03-25 21:31:15',100,125,78,1458,58.32,86,29,4,'2025-03-28 11:31:15','2025-03-28 11:31:15',1),
(241,'2025-03-25 22:31:15',60,123,75,408,16.32,65,67,4,'2025-03-28 11:31:15','2025-03-28 11:31:15',1),
(242,'2025-03-25 23:31:15',96,113,72,52,2.08,62,97,4,'2025-03-28 11:31:15','2025-03-28 11:31:15',1),
(243,'2025-03-26 00:31:15',61,139,79,1194,47.76,56,82,4,'2025-03-28 11:31:15','2025-03-28 11:31:15',1),
(244,'2025-03-26 01:31:15',94,122,86,1998,79.92,63,47,4,'2025-03-28 11:31:15','2025-03-28 11:31:15',1),
(245,'2025-03-26 02:31:15',82,111,73,1224,48.96,85,53,4,'2025-03-28 11:31:15','2025-03-28 11:31:15',1),
(246,'2025-03-26 03:31:15',90,122,78,1951,78.04,64,85,4,'2025-03-28 11:31:15','2025-03-28 11:31:15',1),
(247,'2025-03-26 04:31:15',100,131,85,1657,66.28,76,46,4,'2025-03-28 11:31:15','2025-03-28 11:31:15',1),
(248,'2025-03-26 05:31:15',89,130,80,909,36.36,81,19,4,'2025-03-28 11:31:15','2025-03-28 11:31:15',1),
(249,'2025-03-26 06:31:15',77,114,83,860,34.40,55,35,4,'2025-03-28 11:31:15','2025-03-28 11:31:15',1),
(250,'2025-03-26 07:31:15',72,125,89,493,19.72,95,86,4,'2025-03-28 11:31:15','2025-03-28 11:31:15',1),
(251,'2025-03-26 08:31:15',63,124,80,1081,43.24,76,45,4,'2025-03-28 11:31:15','2025-03-28 11:31:15',1),
(252,'2025-03-26 09:31:15',76,128,72,528,21.12,61,79,4,'2025-03-28 11:31:15','2025-03-28 11:31:15',1),
(253,'2025-03-26 10:31:15',86,121,74,360,14.40,64,50,4,'2025-03-28 11:31:15','2025-03-28 11:31:15',1),
(254,'2025-03-26 11:31:15',70,133,90,450,18.00,84,96,4,'2025-03-28 11:31:15','2025-03-28 11:31:15',1),
(255,'2025-03-26 12:31:15',91,137,77,501,20.04,61,51,4,'2025-03-28 11:31:15','2025-03-28 11:31:15',1),
(256,'2025-03-26 13:31:15',65,117,73,806,32.24,69,73,4,'2025-03-28 11:31:15','2025-03-28 11:31:15',1),
(257,'2025-03-26 14:31:15',92,127,89,1254,50.16,69,52,4,'2025-03-28 11:31:15','2025-03-28 11:31:15',1),
(258,'2025-03-26 15:31:15',64,123,84,1574,62.96,100,63,4,'2025-03-28 11:31:15','2025-03-28 11:31:15',1),
(259,'2025-03-26 16:31:15',83,122,73,638,25.52,89,14,4,'2025-03-28 11:31:15','2025-03-28 11:31:15',1),
(260,'2025-03-26 17:31:15',92,115,88,1049,41.96,53,37,4,'2025-03-28 11:31:15','2025-03-28 11:31:15',1),
(261,'2025-03-26 18:31:15',80,112,74,251,10.04,99,20,4,'2025-03-28 11:31:15','2025-03-28 11:31:15',1),
(262,'2025-03-26 19:31:15',71,122,84,49,1.96,91,17,4,'2025-03-28 11:31:15','2025-03-28 11:31:15',1),
(263,'2025-03-26 20:31:15',99,119,71,103,4.12,53,73,4,'2025-03-28 11:31:15','2025-03-28 11:31:15',1),
(264,'2025-03-26 21:31:15',86,131,77,1979,79.16,52,31,4,'2025-03-28 11:31:16','2025-03-28 11:31:16',1),
(265,'2025-03-26 22:31:15',96,134,82,1248,49.92,74,86,4,'2025-03-28 11:31:16','2025-03-28 11:31:16',1),
(266,'2025-03-26 23:31:15',79,134,79,1498,59.92,64,42,4,'2025-03-28 11:31:16','2025-03-28 11:31:16',1),
(267,'2025-03-27 00:31:15',94,131,74,1524,60.96,52,5,4,'2025-03-28 11:31:16','2025-03-28 11:31:16',1),
(268,'2025-03-27 01:31:15',94,124,88,1984,79.36,68,25,4,'2025-03-28 11:31:16','2025-03-28 11:31:16',1),
(269,'2025-03-27 02:31:15',65,120,82,1310,52.40,94,15,4,'2025-03-28 11:31:16','2025-03-28 11:31:16',1),
(270,'2025-03-27 03:31:15',63,122,74,1391,55.64,95,72,4,'2025-03-28 11:31:16','2025-03-28 11:31:16',1),
(271,'2025-03-27 04:31:15',98,122,73,1296,51.84,78,31,4,'2025-03-28 11:31:16','2025-03-28 11:31:16',1),
(272,'2025-03-27 05:31:15',77,134,78,290,11.60,91,93,4,'2025-03-28 11:31:16','2025-03-28 11:31:16',1),
(273,'2025-03-27 06:31:15',68,130,75,1703,68.12,82,64,4,'2025-03-28 11:31:16','2025-03-28 11:31:16',1),
(274,'2025-03-27 07:31:15',100,121,73,217,8.68,94,93,4,'2025-03-28 11:31:16','2025-03-28 11:31:16',1),
(275,'2025-03-27 08:31:15',77,131,76,861,34.44,59,38,4,'2025-03-28 11:31:16','2025-03-28 11:31:16',1),
(276,'2025-03-27 09:31:15',83,121,85,506,20.24,59,0,4,'2025-03-28 11:31:16','2025-03-28 11:31:16',1),
(277,'2025-03-27 10:31:15',74,131,75,1305,52.20,90,60,4,'2025-03-28 11:31:16','2025-03-28 11:31:16',1),
(278,'2025-03-27 11:31:15',90,111,71,526,21.04,89,23,4,'2025-03-28 11:31:16','2025-03-28 11:31:16',1),
(279,'2025-03-27 12:31:15',67,125,84,402,16.08,87,79,4,'2025-03-28 11:31:16','2025-03-28 11:31:16',1),
(280,'2025-03-27 13:31:15',94,118,73,1370,54.80,85,73,4,'2025-03-28 11:31:16','2025-03-28 11:31:16',1),
(281,'2025-03-27 14:31:15',64,121,83,1506,60.24,62,76,4,'2025-03-28 11:31:16','2025-03-28 11:31:16',1),
(282,'2025-03-27 15:31:15',85,120,86,1165,46.60,69,98,4,'2025-03-28 11:31:16','2025-03-28 11:31:16',1),
(283,'2025-03-27 16:31:15',92,121,86,621,24.84,96,12,4,'2025-03-28 11:31:16','2025-03-28 11:31:16',1),
(284,'2025-03-27 17:31:15',69,127,89,1454,58.16,72,30,4,'2025-03-28 11:31:16','2025-03-28 11:31:16',1),
(285,'2025-03-27 18:31:15',95,110,88,247,9.88,66,8,4,'2025-03-28 11:31:16','2025-03-28 11:31:16',1),
(286,'2025-03-27 19:31:15',71,120,77,729,29.16,80,75,4,'2025-03-28 11:31:16','2025-03-28 11:31:16',1),
(287,'2025-03-27 20:31:15',89,113,86,457,18.28,70,40,4,'2025-03-28 11:31:16','2025-03-28 11:31:16',1),
(288,'2025-03-27 21:31:15',97,135,85,1337,53.48,79,29,4,'2025-03-28 11:31:16','2025-03-28 11:31:16',1),
(289,'2025-03-27 22:31:15',85,126,73,1041,41.64,82,7,4,'2025-03-28 11:31:16','2025-03-28 11:31:16',1),
(290,'2025-03-27 23:31:15',65,112,77,1339,53.56,61,95,4,'2025-03-28 11:31:16','2025-03-28 11:31:16',1),
(291,'2025-03-28 00:31:15',80,130,84,885,35.40,50,6,4,'2025-03-28 11:31:16','2025-03-28 11:31:16',1),
(292,'2025-03-28 01:31:15',72,115,75,392,15.68,52,20,4,'2025-03-28 11:31:16','2025-03-28 11:31:16',1),
(293,'2025-03-28 02:31:15',72,124,82,140,5.60,59,78,4,'2025-03-28 11:31:16','2025-03-28 11:31:16',1),
(294,'2025-03-28 03:31:15',87,112,75,1127,45.08,69,77,4,'2025-03-28 11:31:16','2025-03-28 11:31:16',1),
(295,'2025-03-28 04:31:15',91,122,86,107,4.28,63,52,4,'2025-03-28 11:31:16','2025-03-28 11:31:16',1),
(296,'2025-03-28 05:31:15',84,133,86,1877,75.08,94,72,4,'2025-03-28 11:31:16','2025-03-28 11:31:16',1),
(297,'2025-03-28 06:31:15',89,114,86,957,38.28,92,30,4,'2025-03-28 11:31:16','2025-03-28 11:31:16',1),
(298,'2025-03-28 07:31:15',88,138,76,565,22.60,99,41,4,'2025-03-28 11:31:16','2025-03-28 11:31:16',1),
(299,'2025-03-28 08:31:15',95,139,76,499,19.96,95,14,4,'2025-03-28 11:31:16','2025-03-28 11:31:16',1),
(300,'2025-03-28 09:31:15',62,140,70,1384,55.36,58,98,4,'2025-03-28 11:31:16','2025-03-28 11:31:16',1),
(301,'2025-03-28 10:31:15',62,120,72,1543,61.72,64,69,4,'2025-03-28 11:31:16','2025-03-28 11:31:16',1),
(302,'2025-03-28 11:31:15',96,110,81,1291,51.64,72,14,4,'2025-03-28 11:31:16','2025-03-28 11:31:16',1);

/*Table structure for table `migrations` */

DROP TABLE IF EXISTS `migrations`;

CREATE TABLE `migrations` (
  `id` int(10) unsigned NOT NULL AUTO_INCREMENT,
  `migration` varchar(255) NOT NULL,
  `batch` int(11) NOT NULL,
  PRIMARY KEY (`id`)
) ENGINE=InnoDB AUTO_INCREMENT=16 DEFAULT CHARSET=utf8mb4 COLLATE=utf8mb4_unicode_ci;

/*Data for the table `migrations` */

insert  into `migrations`(`id`,`migration`,`batch`) values 
(1,'2014_10_12_000000_create_users_table',1),
(2,'2014_10_12_100000_create_password_resets_table',1),
(3,'2019_08_19_000000_create_failed_jobs_table',1),
(4,'2019_12_14_000001_create_personal_access_tokens_table',1),
(5,'2025_02_13_123850_create_devices_table',1),
(6,'2025_02_13_123906_create_health_data_table',1),
(7,'2025_02_13_123961_create_reports_table',1),
(8,'2025_02_18_004907_add_foreign_key_health_data',1),
(9,'2025_02_18_010321_remove_health_data_ids_from_report_table',1),
(10,'2025_02_18_010620_remove_user_id_from_device',1),
(11,'2025_02_18_011152_create_health_data_report_table',1),
(12,'2025_02_18_011421_add_fk_datareport',1),
(13,'2025_02_18_012741_rename_health_data_report_table',1),
(14,'2025_02_28_132948_drop_report_and_data_tables',1),
(15,'2025_03_23_131946_remove_spo2_from_health_data',2);

/*Table structure for table `password_resets` */

DROP TABLE IF EXISTS `password_resets`;

CREATE TABLE `password_resets` (
  `email` varchar(255) NOT NULL,
  `token` varchar(255) NOT NULL,
  `created_at` timestamp NULL DEFAULT NULL,
  PRIMARY KEY (`email`)
) ENGINE=InnoDB DEFAULT CHARSET=utf8mb4 COLLATE=utf8mb4_unicode_ci;

/*Data for the table `password_resets` */

insert  into `password_resets`(`email`,`token`,`created_at`) values 
('novi@gmail.com','V4JNlHDmZ11LTxr08MU0YYh87686s12shEnnX2TGYeFqcplwuGDcRLmZNLpS','2025-03-24 22:15:32');

/*Table structure for table `personal_access_tokens` */

DROP TABLE IF EXISTS `personal_access_tokens`;

CREATE TABLE `personal_access_tokens` (
  `id` bigint(20) unsigned NOT NULL AUTO_INCREMENT,
  `tokenable_type` varchar(255) NOT NULL,
  `tokenable_id` bigint(20) unsigned NOT NULL,
  `name` varchar(255) NOT NULL,
  `token` varchar(64) NOT NULL,
  `abilities` text DEFAULT NULL,
  `last_used_at` timestamp NULL DEFAULT NULL,
  `expires_at` timestamp NULL DEFAULT NULL,
  `created_at` timestamp NULL DEFAULT NULL,
  `updated_at` timestamp NULL DEFAULT NULL,
  PRIMARY KEY (`id`),
  UNIQUE KEY `personal_access_tokens_token_unique` (`token`),
  KEY `personal_access_tokens_tokenable_type_tokenable_id_index` (`tokenable_type`,`tokenable_id`)
) ENGINE=InnoDB AUTO_INCREMENT=56 DEFAULT CHARSET=utf8mb4 COLLATE=utf8mb4_unicode_ci;

/*Data for the table `personal_access_tokens` */

insert  into `personal_access_tokens`(`id`,`tokenable_type`,`tokenable_id`,`name`,`token`,`abilities`,`last_used_at`,`expires_at`,`created_at`,`updated_at`) values 
(1,'App\\Models\\User',1,'auth_token','a3ecab115421674dccd4c980478bdef47ecfa0be73cde18bc1b5aa7079312a8e','[\"*\"]',NULL,NULL,'2025-02-28 18:37:37','2025-02-28 18:37:37'),
(2,'App\\Models\\User',1,'auth_token','71e74c0b9f265b44e17f6ac7caca756cb11ee764399d9bbe546d82683ef8b588','[\"*\"]',NULL,NULL,'2025-02-28 18:56:48','2025-02-28 18:56:48'),
(3,'App\\Models\\User',1,'auth_token','5087627f87fcca35b97a7ee64699ed9000ba774a7e6e191217c016b92b42af32','[\"*\"]',NULL,NULL,'2025-02-28 19:06:58','2025-02-28 19:06:58'),
(4,'App\\Models\\User',2,'auth_token','8f8467da09cb3d744865a48d628f61bbb4cc8b47ee2c9e1651fd6649046f3e72','[\"*\"]',NULL,NULL,'2025-02-28 19:14:20','2025-02-28 19:14:20'),
(5,'App\\Models\\User',1,'auth_token','24f2ef705b1aeeb50a09d1f06de0af120b3b8fafbb3f663d555e0f4e1b2c1576','[\"*\"]',NULL,NULL,'2025-02-28 19:37:58','2025-02-28 19:37:58'),
(6,'App\\Models\\User',1,'auth_token','5da1889c4d814c43dcda89d7c59b5448aab368d0a9dc04ad6f3321684808f1ae','[\"*\"]','2025-02-28 19:51:04',NULL,'2025-02-28 19:44:22','2025-02-28 19:51:04'),
(7,'App\\Models\\User',1,'auth_token','5b40f36157c90f549d7277b72f11a21b3042f1d63df076c8c2e694f4d97c1c21','[\"*\"]','2025-03-18 01:00:44',NULL,'2025-03-17 16:24:30','2025-03-18 01:00:44'),
(8,'App\\Models\\User',1,'auth_token','b256b931fd71b2db7e0e3f7d9cd84fbe4dc249f2ee63772a353b06eced6aed18','[\"*\"]','2025-03-18 23:19:45',NULL,'2025-03-18 15:17:07','2025-03-18 23:19:45'),
(9,'App\\Models\\User',1,'auth_token','b5459b0b115e451314844a0fefd929724b5368e093b1afd43f697e43010ebd3e','[\"*\"]','2025-03-21 02:40:43',NULL,'2025-03-18 23:21:01','2025-03-21 02:40:43'),
(10,'App\\Models\\User',1,'auth_token','f2cbcc0aba64ac5bbdf220448bdd629d0cb6940f6529a29137a20c47cd60256a','[\"*\"]','2025-03-19 01:00:10',NULL,'2025-03-19 00:01:36','2025-03-19 01:00:10'),
(11,'App\\Models\\User',1,'auth_token','70521fffb8d2fb1e373210cbf6c5b44067f8bcb6d6404588bdd5e6e3ed0062ba','[\"*\"]','2025-03-19 11:51:44',NULL,'2025-03-19 11:03:56','2025-03-19 11:51:44'),
(12,'App\\Models\\User',1,'auth_token','cc355840b32dbebc92f8896a5c243a59391cdcc788cc84bebd8228a95a438ccf','[\"*\"]','2025-03-19 23:03:15',NULL,'2025-03-19 19:49:46','2025-03-19 23:03:15'),
(13,'App\\Models\\User',1,'auth_token','7195e20a47af224916c1dfd170fa923721452e5465d0a84a700da2ae5b9155da','[\"*\"]','2025-03-20 21:02:00',NULL,'2025-03-20 11:10:42','2025-03-20 21:02:00'),
(14,'App\\Models\\User',1,'auth_token','9939ff933173a243790017f73a821a270e981ab0f017b7a55f84d408eece571a','[\"*\"]','2025-03-20 22:57:43',NULL,'2025-03-20 22:57:42','2025-03-20 22:57:43'),
(15,'App\\Models\\User',1,'auth_token','fbdf6f2b3cb99a5eea06353f75393692ab44d70612f05f1f76743e6234831e7a','[\"*\"]','2025-03-20 23:11:34',NULL,'2025-03-20 23:11:33','2025-03-20 23:11:34'),
(16,'App\\Models\\User',1,'auth_token','9b92a7e9b96c08e604a8b6eaa47d976e16d2673fec471051cf5f7dcbf966d5c2','[\"*\"]','2025-03-21 00:12:45',NULL,'2025-03-21 00:09:53','2025-03-21 00:12:45'),
(17,'App\\Models\\User',1,'auth_token','68d8514a70e5e42a9f6ff3260f657340b6dc4eb8310a8019d6ea5bf54b7ca926','[\"*\"]','2025-03-21 01:53:04',NULL,'2025-03-21 00:47:08','2025-03-21 01:53:04'),
(18,'App\\Models\\User',1,'auth_token','f221baa176f881e16c8a7be4bc3aa5d7dd8d0cda74a44d9ab280996c71283347','[\"*\"]','2025-03-21 02:42:01',NULL,'2025-03-21 02:41:57','2025-03-21 02:42:01'),
(19,'App\\Models\\User',1,'auth_token','2c28828c1cecacfd38f359d610dd3dcc59d85804ec52fa5c4993fcb32d8e75c5','[\"*\"]','2025-03-21 14:35:33',NULL,'2025-03-21 14:35:31','2025-03-21 14:35:33'),
(20,'App\\Models\\User',1,'auth_token','44e3ce9b22b3c6d30f44a1301aa47eab87204608442351e56791e0307922b686','[\"*\"]','2025-03-21 18:20:49',NULL,'2025-03-21 14:35:44','2025-03-21 18:20:49'),
(21,'App\\Models\\User',1,'auth_token','4ce4b1bafa259ab6f0763cc0aa84a4583d37ca45cf024591076c2f9df8f7a1b0','[\"*\"]','2025-03-21 18:21:48',NULL,'2025-03-21 18:21:45','2025-03-21 18:21:48'),
(22,'App\\Models\\User',1,'auth_token','808790c46b5613175aba01548ea32a1902ac0c520a5c81fc144329b3c56f9bf5','[\"*\"]','2025-03-21 18:27:33',NULL,'2025-03-21 18:22:51','2025-03-21 18:27:33'),
(23,'App\\Models\\User',1,'auth_token','1b91936b3426b09c21d3221e9c79edcd29a55b10f0ef080cb7c3d6e9701cb95e','[\"*\"]','2025-03-21 18:59:23',NULL,'2025-03-21 18:27:48','2025-03-21 18:59:23'),
(24,'App\\Models\\User',1,'auth_token','b52afb7c1903a41d0ef299466e48a8c7d44fb77afaed95ef42a11af3fc9316da','[\"*\"]','2025-03-21 19:06:30',NULL,'2025-03-21 18:59:42','2025-03-21 19:06:30'),
(25,'App\\Models\\User',1,'auth_token','9eda4741fe8305e74393a784e1d927848d5f5d2adfea33d9a3d53a74ccfcfc22','[\"*\"]','2025-03-21 19:11:38',NULL,'2025-03-21 19:11:03','2025-03-21 19:11:38'),
(26,'App\\Models\\User',1,'auth_token','97b26a90354cb0818bb3adc43ea3fcda829cb6410b5aa620c3715c62a3624174','[\"*\"]','2025-03-24 14:51:33',NULL,'2025-03-23 13:15:51','2025-03-24 14:51:33'),
(27,'App\\Models\\User',3,'auth_token','df487ac6fea08e3718c190598c5e06523d282369b60ba6b804164ae37944fadb','[\"*\"]',NULL,NULL,'2025-03-24 13:45:18','2025-03-24 13:45:18'),
(28,'App\\Models\\User',4,'auth_token','51b1f70d0c11a1a1e06c610f71e67404a02541f045cbe007bbf51a4ee42efa5c','[\"*\"]',NULL,NULL,'2025-03-24 14:39:26','2025-03-24 14:39:26'),
(29,'App\\Models\\User',5,'auth_token','9779c8a5607cec2ec2d8b00cbe4bdac9c95f2c2efca6cc3605eace74d799f1eb','[\"*\"]',NULL,NULL,'2025-03-24 14:40:46','2025-03-24 14:40:46'),
(30,'App\\Models\\User',6,'auth_token','f8e8acb03e5e3e453caf4d5b6996a41e6adc3db17579687e719aba4761a8d62a','[\"*\"]',NULL,NULL,'2025-03-24 14:44:07','2025-03-24 14:44:07'),
(31,'App\\Models\\User',7,'auth_token','1142cfd4fb40c0b59dea4ae0cdc00976e18fa7b4dc8779af1f4c40839374467d','[\"*\"]',NULL,NULL,'2025-03-24 14:45:49','2025-03-24 14:45:49'),
(32,'App\\Models\\User',8,'auth_token','0e7bb9d9eeb8c5adfb71baa28ccbe0bcb3375efb37e749c54176c4d367f052a0','[\"*\"]',NULL,NULL,'2025-03-24 14:50:01','2025-03-24 14:50:01'),
(33,'App\\Models\\User',9,'auth_token','0378a09b3473998ea6d7c462e0410b2ccc7b6e91389a8711bc03d7e0d3e0f2f9','[\"*\"]',NULL,NULL,'2025-03-24 14:51:22','2025-03-24 14:51:22'),
(34,'App\\Models\\User',1,'auth_token','9da768289d1d56992958389cfb62c081b2d05572194a14904f2e74651540b8be','[\"*\"]','2025-03-24 15:20:38',NULL,'2025-03-24 15:19:52','2025-03-24 15:20:38'),
(35,'App\\Models\\User',1,'auth_token','a7a47e4ab74260825601546c3405916ae435a64be9de807c1a0c5a16365f3513','[\"*\"]','2025-03-24 15:26:32',NULL,'2025-03-24 15:20:47','2025-03-24 15:26:32'),
(36,'App\\Models\\User',1,'auth_token','ec7419c4edfb1843951946493c2d198d334024270dac8b2fcfd98ec5e1458054','[\"*\"]',NULL,NULL,'2025-03-24 21:08:50','2025-03-24 21:08:50'),
(37,'App\\Models\\User',1,'auth_token','06b928bf677c3c7c26ae1f25573126d2b50a100e7c692f652029a5a90110d6ac','[\"*\"]','2025-03-24 21:09:09',NULL,'2025-03-24 21:08:50','2025-03-24 21:09:09'),
(38,'App\\Models\\User',1,'auth_token','49a9cb57e75146ee6c584ec37ef867466b25b5d8149ee80f4ac218b8f632b709','[\"*\"]','2025-03-24 21:19:35',NULL,'2025-03-24 21:19:29','2025-03-24 21:19:35'),
(39,'App\\Models\\User',1,'auth_token','cb8319ea5230426dbacdcae019a27b875b85d8393f50110def79edcde5f35c2e','[\"*\"]','2025-03-24 21:22:28',NULL,'2025-03-24 21:22:23','2025-03-24 21:22:28'),
(40,'App\\Models\\User',1,'auth_token','a72f3d401e199c867edced55dee203ff9277acfe5c6abfdbc84f3d231aae90d3','[\"*\"]','2025-03-24 21:23:09',NULL,'2025-03-24 21:23:05','2025-03-24 21:23:09'),
(41,'App\\Models\\User',1,'auth_token','868e5962d5c397b939aeaa8561944e6e550eb5c5a0cd83a0f50f55e02843be4d','[\"*\"]','2025-03-24 21:37:50',NULL,'2025-03-24 21:30:19','2025-03-24 21:37:50'),
(42,'App\\Models\\User',1,'auth_token','c9817eb88771b2dccb8449f51a616818b692d9f3c0c7028bb85c6f47a3d6f11e','[\"*\"]','2025-03-24 22:25:55',NULL,'2025-03-24 22:25:49','2025-03-24 22:25:55'),
(43,'App\\Models\\User',1,'auth_token','88e3e399faa4222f8381eb7f4ba795d6be58a40616b58e171940d54dd833ad6b','[\"*\"]','2025-03-25 00:01:43',NULL,'2025-03-25 00:01:30','2025-03-25 00:01:43'),
(44,'App\\Models\\User',1,'auth_token','de29de6e84e5a6c81fdc32798e262107430f19737900d4534d1101238b8bc5ed','[\"*\"]','2025-03-26 08:30:55',NULL,'2025-03-26 08:20:55','2025-03-26 08:30:55'),
(45,'App\\Models\\User',1,'auth_token','2745a8fa349d730b6b7db26432a4e00582be348687bebb7e954a5191358efffe','[\"*\"]','2025-03-26 08:41:47',NULL,'2025-03-26 08:35:42','2025-03-26 08:41:47'),
(46,'App\\Models\\User',1,'auth_token','501c6ff4953ec084bf380d27717218249638fd948dda7f434ecd82ac25e02330','[\"*\"]','2025-03-26 08:50:06',NULL,'2025-03-26 08:46:46','2025-03-26 08:50:06'),
(47,'App\\Models\\User',1,'auth_token','8390041ec186494dd72ef3c2771c1af77bd75c91ddc79a7db15548d8f26913e6','[\"*\"]','2025-03-26 09:04:15',NULL,'2025-03-26 08:51:20','2025-03-26 09:04:15'),
(48,'App\\Models\\User',1,'auth_token','9efcd546761ea0a0195a45429b244108c015040082e8cefd5e35993aad9de743','[\"*\"]','2025-03-26 15:58:05',NULL,'2025-03-26 09:04:42','2025-03-26 15:58:05'),
(49,'App\\Models\\User',1,'auth_token','196f33494f43ded8fc27e0f9f69c4ecbabce51d23c9a8b4338fb2f25f437ab69','[\"*\"]','2025-03-26 16:02:39',NULL,'2025-03-26 15:58:54','2025-03-26 16:02:39'),
(50,'App\\Models\\User',1,'auth_token','337ac7d0476200d8311bef8f1c5bcce79821ec1e70e600a0d9d059acc3901185','[\"*\"]','2025-03-26 20:45:48',NULL,'2025-03-26 18:25:24','2025-03-26 20:45:48'),
(51,'App\\Models\\User',1,'auth_token','4cd383395e6acdf637eba26e2412e2fa5b08ea854ebf0ffad0d58f50a95ac0c1','[\"*\"]','2025-03-26 22:07:36',NULL,'2025-03-26 20:48:58','2025-03-26 22:07:36'),
(52,'App\\Models\\User',1,'auth_token','f9dda2c4094713e497514f78f08a227dd70dab5568bb9c238b06f4e168c9c3b0','[\"*\"]','2025-03-26 22:36:12',NULL,'2025-03-26 22:12:40','2025-03-26 22:36:12'),
(53,'App\\Models\\User',1,'auth_token','d8b3647b978c6afb14a385be2e7d4cb6c705b8929f6036a9bbce0e8a587b4618','[\"*\"]','2025-03-28 11:30:33',NULL,'2025-03-28 11:30:28','2025-03-28 11:30:33'),
(54,'App\\Models\\User',1,'auth_token','e8bf6a83aa9791161f91998fb709c705c6adf6954d285ef551d134a99794c0fe','[\"*\"]','2025-03-28 11:31:39',NULL,'2025-03-28 11:30:46','2025-03-28 11:31:39'),
(55,'App\\Models\\User',1,'auth_token','029f4c674456eafc6f221d0fabbaed37b1bdc3c97be4088470ef9f6809e59c29','[\"*\"]','2025-03-29 02:26:00',NULL,'2025-03-28 13:29:03','2025-03-29 02:26:00');

/*Table structure for table `profile` */

DROP TABLE IF EXISTS `profile`;

CREATE TABLE `profile` (
  `id` bigint(20) unsigned NOT NULL AUTO_INCREMENT,
  `user_id` bigint(20) unsigned NOT NULL,
  `name` varchar(255) DEFAULT NULL,
  `surname` varchar(255) DEFAULT NULL,
  `age` varchar(255) DEFAULT NULL,
  `weight` varchar(255) DEFAULT NULL,
  `height` varchar(255) DEFAULT NULL,
  `created_at` timestamp NULL DEFAULT NULL,
  `updated_at` timestamp NULL DEFAULT NULL,
  PRIMARY KEY (`id`),
  KEY `profile_user_id_foreign` (`user_id`),
  CONSTRAINT `profile_user_id_foreign` FOREIGN KEY (`user_id`) REFERENCES `user` (`id`) ON DELETE CASCADE
) ENGINE=InnoDB AUTO_INCREMENT=2 DEFAULT CHARSET=utf8mb4 COLLATE=utf8mb4_unicode_ci;

/*Data for the table `profile` */

insert  into `profile`(`id`,`user_id`,`name`,`surname`,`age`,`weight`,`height`,`created_at`,`updated_at`) values 
(1,1,'Anja',NULL,NULL,NULL,'188','2025-03-26 15:59:07','2025-03-28 11:31:39');

/*Table structure for table `user` */

DROP TABLE IF EXISTS `user`;

CREATE TABLE `user` (
  `id` bigint(20) unsigned NOT NULL AUTO_INCREMENT,
  `username` varchar(255) NOT NULL,
  `email` varchar(255) NOT NULL,
  `email_verified_at` timestamp NULL DEFAULT NULL,
  `password` varchar(255) NOT NULL,
  `remember_token` varchar(100) DEFAULT NULL,
  `created_at` timestamp NULL DEFAULT NULL,
  `updated_at` timestamp NULL DEFAULT NULL,
  PRIMARY KEY (`id`),
  UNIQUE KEY `user_email_unique` (`email`)
) ENGINE=InnoDB AUTO_INCREMENT=10 DEFAULT CHARSET=utf8mb4 COLLATE=utf8mb4_unicode_ci;

/*Data for the table `user` */

insert  into `user`(`id`,`username`,`email`,`email_verified_at`,`password`,`remember_token`,`created_at`,`updated_at`) values 
(1,'proba','anjaradulovic58@gmail.com',NULL,'$2y$10$BAw/fZwrOJ4Hi/3N.b6po.on4RSkPhV4CF4I95KT9FmTh38D1qJfm',NULL,'2025-02-28 18:37:37','2025-03-24 23:24:13'),
(2,'novi','novi@gmail.com',NULL,'$2y$10$.LnGA/tNIXhvIaO28tiV0OHuJr2dX6WrS.Zmu7pIHRhB5SrEVeeFm',NULL,'2025-02-28 19:14:20','2025-02-28 19:14:20'),
(3,'proba','proba@gmail.com',NULL,'$2y$10$kmmsl92D3nUsvgrLFWYY9u5GgOF1J8pTZJiFq.wbXD4UUvZo..QMm',NULL,'2025-03-24 13:45:17','2025-03-24 13:45:17'),
(4,'andi','andi@gmail.com',NULL,'$2y$10$lb.RwsRcLYm4rJGg0pfOyuSPZnLv0W2wQ.z7QGGM8gnxZK5VDewnu',NULL,'2025-03-24 14:39:26','2025-03-24 14:39:26'),
(5,'prob','prob@gmail.com',NULL,'$2y$10$8.tUzF6hpRXd4lFKweGF1.YgbrNGzIlKpFfQi2B6eUGKdK9JY0FZW',NULL,'2025-03-24 14:40:46','2025-03-24 14:40:46'),
(6,'andi','a@gmail.com',NULL,'$2y$10$nVbAfPlBswRWPMQMB2SdB.mvBf2XJ2ZQbdKC1HvirGbohcrTjRvIO',NULL,'2025-03-24 14:44:07','2025-03-24 14:44:07'),
(7,'a','an@gmail.com',NULL,'$2y$10$mXEBfvwBdq/c.NMLQFGBGOHWjsOjSkADsjwGB5Iws9LyujscAPU1i',NULL,'2025-03-24 14:45:49','2025-03-24 14:45:49'),
(8,'e','e@gmail.com',NULL,'$2y$10$zXv2nXlYqRET7cJl1qqLmekkSGb/ICsY6SVi4vpTWGTHrrt2Tue42',NULL,'2025-03-24 14:50:00','2025-03-24 14:50:00'),
(9,'prob','and1@gmail.com',NULL,'$2y$10$z7O8wBtHw3e2S9a8nImWju/gf7d54sgL0F6vmmD9bbXFJFnhD12wi',NULL,'2025-03-24 14:51:22','2025-03-24 14:51:22');

/*!40101 SET SQL_MODE=@OLD_SQL_MODE */;
/*!40014 SET FOREIGN_KEY_CHECKS=@OLD_FOREIGN_KEY_CHECKS */;
/*!40014 SET UNIQUE_CHECKS=@OLD_UNIQUE_CHECKS */;
/*!40111 SET SQL_NOTES=@OLD_SQL_NOTES */;
